url_path,views_total,views_unique
/EarthSciML/Emissions.jl/tree/main/examples,12,2
/EarthSciML/Emissions.jl/pulls,8,1
/EarthSciML/Emissions.jl/pull/13,6,1
/EarthSciML/Emissions.jl,4,1
/EarthSciML/Emissions.jl/pull/14,3,1
/EarthSciML/Emissions.jl/actions/runs/11374533020/job/31643434671,1,1
/EarthSciML/Emissions.jl/actions/runs/11374533020/job/31643435014,1,1
/EarthSciML/Emissions.jl/compare/main...hemamipour:Emissions.jl:add-example-notebook,1,1
/EarthSciML/Emissions.jl/compare/main...hemamipour:Emissions.jl:main,1,1
/EarthSciML/Emissions.jl/fork,1,1
